Customer ID,Total_Sales,Total_Profit,Total_Orders,Segment,Customer_Name,Value_Segment,Profit_Margin,Profit_per_Order
SM-20320,25043.05,-1980.7393,5,Home Office,Sean Miller,VIP,-7.909337321133009,-396.14786
TC-20980,19052.218,8981.323900000001,5,Corporate,Tamara Chand,VIP,47.140568620409454,1796.2647800000002
RB-19360,15117.339,6976.0959,6,Consumer,Raymond Buch,VIP,46.146321783218596,1162.68265
TA-21385,14595.62,4703.7883,4,Home Office,Tom Ashbrook,VIP,32.22739630108211,1175.947075
AB-10105,14473.570999999998,5444.8055,10,Consumer,Adrian Barton,VIP,37.618950430408646,544.48055
KL-16645,14175.229000000001,806.855,12,Consumer,Ken Lonsdale,VIP,5.692006809907621,67.23791666666666
SC-20095,14142.333999999999,5757.411899999999,9,Consumer,Sanjit Chand,VIP,40.71047890680562,639.7124333333333
HL-15040,12873.297999999999,5622.4292000000005,6,Consumer,Hunter Lopez,VIP,43.675126607027984,937.0715333333334
SE-20110,12209.438000000002,2650.6769,11,Consumer,Sanjit Engle,VIP,21.710064787584813,240.97062727272726
CC-12370,12129.072000000002,2177.0493,5,Consumer,Christopher Conant,VIP,17.94901786385636,435.40986000000004
TS-21370,11891.751,2371.7144000000003,6,Corporate,Todd Sumrall,VIP,19.944198293422055,395.2857333333334
GT-14710,11820.119999999999,2163.4269,11,Consumer,Greg Tran,VIP,18.30291824448483,196.67517272727272
BM-11140,11789.63,-1659.9580999999998,4,Consumer,Becky Martin,VIP,-14.079815057809277,-414.98952499999996
SV-20365,11470.949999999999,1199.4242,10,Consumer,Seth Vernon,VIP,10.456188894555376,119.94242
CJ-12010,11164.974,858.7414,8,Consumer,Caroline Jumper,VIP,7.691387369106279,107.342675
CL-12565,10880.546,1933.7830999999999,12,Consumer,Clay Ludtke,VIP,17.772849818382277,161.14859166666665
ME-17320,10663.728000000001,1859.4695,10,Home Office,Maria Etezadi,VIP,17.437330547065713,185.94695
KF-16285,10604.266,1660.1386,7,Home Office,Karen Ferguson,VIP,15.655384351920256,237.16265714285714
BS-11365,10501.653,2616.0643999999998,5,Corporate,Bill Shonely,VIP,24.910977348042255,523.2128799999999
EH-13765,10310.880000000001,1393.5154,12,Corporate,Edward Hooks,VIP,13.514999689648215,116.12628333333333
JL-15835,9799.923,228.907,11,Consumer,John Lee,High,2.3358040670319555,20.809727272727272
GT-14635,9351.212,-4108.6589,3,Corporate,Grant Thornton,High,-43.93718054943039,-1369.5529666666669
HW-14935,9300.254,2164.1611,8,Corporate,Helen Wasserman,High,23.26991391848007,270.5201375
TB-21400,9133.99,2798.3689,7,Consumer,Tom Boeckenhauer,High,30.6368728233773,399.7669857142857
PF-19120,9062.864,-614.2943000000001,4,Consumer,Peter Fuller,High,-6.7781476142641015,-153.57357500000003
CM-12385,8954.019999999999,3899.8903999999998,4,Consumer,Christopher Martinez,High,43.55463132760481,974.9725999999999
JD-16150,8828.0305,1619.5199,8,Corporate,Justin Deggeller,High,18.345200551810507,202.4399875
JE-15715,8697.842999999999,1262.2926,10,Consumer,Joe Elijah,High,14.512708495658064,126.22926
LA-16780,8673.222,2059.1199,11,Corporate,Laura Armstrong,High,23.74111835255687,187.1927181818182
PK-19075,8646.934,2038.2676000000001,12,Consumer,Pete Kriz,High,23.57214244956652,169.85563333333334
DR-12940,8350.868,2869.0759999999996,8,Home Office,Daniel Raglin,High,34.35662017409447,358.63449999999995
NF-18385,8322.826,-1695.9714,7,Consumer,Natalie Fritzler,High,-20.377350193311745,-242.28162857142857
KD-16270,8282.358,1107.6952000000003,5,Consumer,Karen Daniels,High,13.374152626582916,221.53904000000006
NC-18535,8241.739,1314.758,7,Corporate,Nick Crebassa,High,15.952434310283303,187.82257142857142
HM-14860,8236.7648,2437.9836,10,Corporate,Harry Marie,High,29.598800733025666,243.79836
KD-16495,8181.256,3038.6254,12,Corporate,Keith Dawkins,High,37.141306909354746,253.21878333333333
SB-20290,8057.891,-2082.7451,7,Corporate,Sean Braxton,High,-25.847273188480713,-297.5350142857143
ZC-21910,8025.707,-1032.1490000000001,13,Consumer,Zuschuss Carroll,High,-12.860536772648192,-79.39607692307693
JH-15985,7954.9980000000005,-644.6982,6,Consumer,Joseph Holt,High,-8.104316305296368,-107.4497
NP-18700,7903.1825,631.2282,7,Consumer,Nora Preis,High,7.987012826794776,90.17545714285714
AH-10690,7888.294,1298.0166,12,Corporate,Anna Häberlin,High,16.45497239327033,108.16805
AB-10060,7755.62,2054.5885,8,Home Office,Adam Bellavance,High,26.491608665715955,256.8235625
JE-15610,7754.976,1623.4019,7,Corporate,Jim Epp,High,20.933680516870716,231.91455714285715
JW-15220,7721.714,2173.7093999999997,6,Corporate,Jane Waco,High,28.15060749465727,362.28489999999994
LC-16885,7663.126,1288.3469,12,Consumer,Lena Creighton,High,16.8122891363133,107.36224166666666
JM-15865,7625.076000000001,1574.6163999999999,7,Consumer,John Murray,High,20.650501057300932,224.94519999999997
JD-15895,7610.8640000000005,1050.2667999999999,11,Corporate,Jonathan Doherty,High,13.79957387229623,95.47879999999999
PO-18850,7473.8282,38.47569999999996,11,Consumer,Patrick O'Brill,High,0.5148057858755699,3.4977909090909054
MS-17365,7443.6900000000005,844.9354999999998,10,Consumer,Maribeth Schnelling,High,11.351030201418917,84.49354999999998
RW-19540,7397.401,1586.6273,7,Corporate,Rick Wilson,High,21.44844250027814,226.66104285714286
BM-11650,7294.185,2199.2781,11,Corporate,Brian Moss,High,30.15111489494714,199.93437272727272
PP-18955,7252.608,1495.0854,10,Home Office,Paul Prost,High,20.61445207020702,149.50853999999998
NW-18400,7234.014,1023.123,7,Consumer,Natalie Webber,High,14.143226706500705,146.16042857142858
Dp-13240,7198.7609999999995,333.36479999999995,11,Home Office,Dean percer,High,4.630863561104473,30.305890909090905
FH-14365,6987.196,2050.2826,8,Corporate,Fred Hopkins,High,29.343424744346656,256.285325
RH-19510,6979.18,1289.4535,6,Home Office,Rick Huthwaite,High,18.475716344900118,214.90891666666667
PS-19045,6843.634,1742.7296999999999,7,Home Office,Penelope Sewall,High,25.464975187159332,248.96138571428568
BB-11545,6765.728,1015.0749999999999,9,Corporate,Brenda Bowman,High,15.003189605021069,112.7861111111111
JE-15745,6760.8150000000005,221.79670000000002,13,Consumer,Joel Eaton,High,3.2806207535629945,17.061284615384615
YS-21880,6720.4439999999995,1778.2923,8,Corporate,Yana Sorensen,High,26.46093472395574,222.2865375
AR-10540,6608.448,2884.6208,6,Consumer,Andy Reiter,High,43.65050311359036,480.7701333333334
DR-12880,6528.034000000001,1641.8613,9,Corporate,Dan Reichenbach,High,25.150930586452212,182.42903333333334
GK-14620,6497.27,1448.5525,9,Corporate,Grace Kelly,High,22.29478688741579,160.95027777777779
JA-15970,6491.026,-819.4217000000001,8,Consumer,Joseph Airdo,High,-12.623916465594192,-102.42771250000001
NM-18445,6459.344,2751.6848999999997,7,Home Office,Nathan Mautz,High,42.60006743718866,393.09784285714284
VD-21670,6442.254,1617.7874000000002,6,Consumer,Valerie Dominguez,High,25.11213311365867,269.63123333333334
SB-20185,6410.996,885.4623999999999,6,Consumer,Sarah Brown,High,13.8116199105412,147.57706666666664
JG-15160,6366.392,1415.6664,11,Consumer,James Galang,High,22.236557221107343,128.69694545454547
DM-13015,6345.103,1677.3931,7,Consumer,Darrin Martin,High,26.436026334009078,239.62758571428571
CM-12655,6339.5576,1572.4585,6,Home Office,Corinna Mitchell,High,24.803915339455234,262.07641666666666
MJ-17740,6320.746,1054.5529000000001,7,Consumer,Max Jones,High,16.683994262702537,150.6504142857143
BH-11710,6255.351,802.7898,8,Consumer,Brosina Hoffman,High,12.833649142949774,100.348725
RL-19615,6234.91,488.14840000000004,8,Consumer,Rob Lucas,High,7.829277407372361,61.018550000000005
WB-21850,6160.102,714.3311,11,Consumer,William Brown,High,11.596092077696115,64.93919090909091
VW-21775,6134.0380000000005,-874.6645,10,Corporate,Victoria Wilson,High,-14.259195981505165,-87.46645
SD-20485,6121.114,1985.1671999999999,9,Home Office,Shirley Daniels,High,32.43146917374844,220.57413333333332
QJ-19255,6108.338,1203.6768,9,Corporate,Quincy Jones,High,19.70547143920327,133.74186666666665
AD-10180,6106.88,1869.9294,8,Home Office,Alan Dominguez,High,30.62004493292811,233.741175
CB-12025,6076.139,150.2089,10,Consumer,Cassandra Brandow,High,2.4721109902192824,15.02089
GM-14695,6049.966,188.7235,3,Corporate,Greg Maxwell,High,3.1194142248072136,62.907833333333336
SC-20380,5992.536,236.66149999999996,9,Consumer,Shahid Collister,High,3.9492712267393966,26.295722222222217
KH-16690,5990.799,1227.5091,7,Corporate,Kristen Hastings,High,20.48990627126699,175.35844285714285
RM-19675,5979.0960000000005,1902.5438000000001,5,Home Office,Robert Marley,High,31.819923948369457,380.50876000000005
KH-16510,5952.859,656.1162,7,Consumer,Keith Herrera,High,11.021866971819758,93.73088571428572
BF-11170,5907.972,1538.2127,11,Home Office,Ben Ferrer,High,26.036221904910857,139.83751818181818
CP-12340,5888.275,-1850.3029000000001,8,Corporate,Christine Phan,High,-31.423513677605076,-231.28786250000002
BD-11320,5718.521,1094.5037,12,Consumer,Bill Donatelli,High,19.139628935523714,91.20864166666667
CS-12505,5690.054999999999,-6626.389499999999,6,Consumer,Cindy Stewart,High,-116.45563179969263,-1104.39825
AM-10705,5664.022,1085.7326,8,Consumer,Anne McFarland,High,19.168933312759027,135.716575
RB-19795,5633.316000000001,-461.73319999999995,8,Home Office,Ross Baird,High,-8.196472557193665,-57.716649999999994
KM-16375,5620.186,973.7901999999999,8,Home Office,Katherine Murray,High,17.3266543135761,121.72377499999999
AA-10315,5563.56,-362.8825,5,Consumer,Alex Avila,High,-6.5224874001538575,-72.5765
SM-20950,5563.392,581.5741999999999,12,Corporate,Suzanne McNair,High,10.453590183830295,48.46451666666666
NP-18325,5529.62,1208.8890000000001,6,Consumer,Naresj Patel,High,21.862062854228682,201.4815
AC-10450,5527.846,1366.0098,7,Consumer,Amy Cox,High,24.71143009410899,195.14425714285716
MH-18115,5503.093,170.9746,9,Home Office,Mick Hernandez,High,3.1068818935097045,18.99717777777778
DP-13390,5480.723999999999,1571.8318,9,Home Office,Dennis Pardue,High,28.679273030351464,174.64797777777778
EP-13915,5478.0608,144.9578,17,Consumer,Emily Phan,High,2.6461517185059353,8.526929411764705
YC-21895,5454.35,1305.629,5,Corporate,Yoseph Carroll,High,23.93738942312099,261.12579999999997
SP-20620,5440.319,-270.42819999999995,9,Corporate,Stefania Perrino,High,-4.970815130509809,-30.04757777777777
LW-17215,5420.514,837.2411,7,Consumer,Luke Weiss,High,15.445787982468081,119.60587142857142
CP-12085,5402.254,427.0258,8,Corporate,Cathy Prescott,High,7.904585752539588,53.378225
TS-21205,5371.09,862.8877,7,Corporate,Thomas Seio,High,16.0654113038508,123.26967142857143
TT-21460,5364.808,1124.4999,7,Home Office,Tonja Turnell,High,20.960673709105713,160.64284285714285
MW-18220,5341.900000000001,1238.422,7,Consumer,Mitch Webber,High,23.183174525917742,176.9174285714286
TP-21415,5329.0048,-1087.3898,5,Consumer,Tom Prescott,High,-20.40511954502274,-217.47796
TW-21025,5278.826,737.3905,7,Home Office,Tamara Willingham,High,13.968835115989805,105.3415
DW-13480,5271.628,1348.7556,5,Home Office,Dianna Wilson,High,25.58518165545824,269.75112
MW-18235,5253.876,1665.516,2,Corporate,Mitch Willingham,High,31.700710104311558,832.758
HR-14830,5248.787,1196.9504,7,Corporate,Harold Ryan,High,22.80432412288782,170.99291428571428
SC-20725,5226.21,1276.6513,11,Consumer,Steven Cartwright,High,24.427860725076105,116.05920909090909
RP-19390,5153.084,465.25030000000015,12,Consumer,Resi Pölking,High,9.028579778633535,38.770858333333344
LR-16915,5142.892,535.4764,6,Consumer,Lena Radford,High,10.411970541088555,89.24606666666666
MP-18175,5087.92,226.4529,9,Home Office,Mike Pelletier,High,4.450795216905926,25.161433333333335
AA-10645,5086.9349999999995,857.8033,6,Consumer,Anna Andreadi,High,16.862871257446777,142.96721666666667
IL-15100,5040.736,1121.937,7,Consumer,Ivan Liston,High,22.257404474267247,160.27671428571426
KL-16555,5016.488,-182.78130000000002,8,Corporate,Kelly Lampkin,High,-3.6436108289305187,-22.847662500000002
LB-16795,4985.676,-52.19099999999998,8,Home Office,Laurel Beltran,Medium,-1.0468189268616728,-6.523874999999998
DH-13075,4932.872,1193.7404,6,Corporate,Dave Hallsten,Medium,24.199703539844535,198.95673333333332
IM-15070,4930.474,514.6527,7,Consumer,Irene Maddox,Medium,10.438199248185875,73.52181428571429
TT-21070,4915.602,751.9567,7,Consumer,Ted Trevino,Medium,15.297347100111033,107.42238571428571
KM-16720,4909.472,745.7685,8,Consumer,Kunst Miller,Medium,15.190401330326358,93.2210625
PO-19180,4893.043,1155.4331,9,Home Office,Philisse Overcash,Medium,23.61379411544105,128.38145555555556
HK-14890,4877.784,956.9451,8,Corporate,Heather Kirkland,Medium,19.618439438892747,119.6181375
AJ-10780,4867.344,150.71300000000005,7,Corporate,Anthony Jacobs,Medium,3.0964115131373506,21.53042857142858
JK-15730,4867.2,55.0483,10,Consumer,Joe Kamberova,Medium,1.1310055062458908,5.50483
AH-10210,4805.344,1308.5546,9,Consumer,Alan Hwang,Medium,27.231236723114932,145.39495555555555
DK-13225,4802.394,209.89940000000004,9,Corporate,Dean Katz,Medium,4.370724267938033,23.32215555555556
RA-19915,4793.543,304.8673,9,Consumer,Russell Applegate,Medium,6.359957551230896,33.87414444444445
SA-20830,4767.3415,610.1496000000001,10,Consumer,Sue Ann Reed,Medium,12.798529327089323,61.01496000000001
JK-15640,4760.434,1172.5303,9,Home Office,Jim Kriz,Medium,24.630743751515087,130.28114444444444
BW-11110,4750.358,921.2574,8,Corporate,Bart Watters,Medium,19.39343097930724,115.157175
TB-21520,4737.486,-1603.0451,9,Consumer,Tracy Blumstein,Medium,-33.83746358300584,-178.11612222222223
GB-14575,4716.288,1135.8393,5,Consumer,Giulietta Baptist,Medium,24.083332061146397,227.16786000000002
RB-19465,4715.466,640.5466,12,Home Office,Rick Bensley,Medium,13.583951193795055,53.378883333333334
ES-14080,4657.924,246.6661,9,Corporate,Erin Smith,Medium,5.295623114503371,27.407344444444444
DB-13270,4655.897,841.8263999999999,8,Home Office,Deborah Brumfield,Medium,18.08086390227275,105.22829999999999
KT-16480,4642.088400000001,194.0671,10,Consumer,Kean Thornton,Medium,4.180598973513732,19.40671
SC-20050,4624.572,1011.7443,9,Home Office,Sample Company A,Medium,21.877576995233287,112.41603333333333
EM-14140,4588.436000000001,1319.3655,6,Home Office,Eugene Moren,Medium,28.754144113593387,219.89425000000003
DB-13060,4531.646,473.0272,7,Consumer,Dave Brooks,Medium,10.438308729322635,67.57531428571428
AR-10825,4523.336,494.83519999999993,8,Corporate,Anthony Rawles,Medium,10.939607404800348,61.85439999999999
AG-10900,4510.797,343.6824,10,Consumer,Arthur Gainer,Medium,7.619105891929963,34.36824
AJ-10795,4501.391,1158.7064,7,Corporate,Anthony Johnson,Medium,25.741074259045703,165.52948571428573
LC-16930,4492.946,288.26599999999996,8,Corporate,Linda Cazamias,Medium,6.415968498174694,36.033249999999995
SC-20770,4492.657,-671.1874,7,Corporate,Stewart Carmichael,Medium,-14.939653750553402,-95.88391428571428
TP-21130,4454.0560000000005,1129.1261,9,Consumer,Theone Pippenger,Medium,25.35051422793067,125.45845555555555
MC-17425,4432.138,1802.3903,5,Corporate,Mark Cousins,Medium,40.66638493657012,360.47806
JK-15205,4427.142,1219.983,5,Consumer,Jamie Kunitz,Medium,27.556897881296784,243.9966
KW-16435,4416.5199999999995,1756.135,5,Consumer,Katrina Willman,Medium,39.76286759711266,351.227
BD-11500,4411.2429999999995,1142.1225,6,Consumer,Bradley Drucker,Medium,25.891171717359484,190.35375
AI-10855,4375.786,867.7271000000001,10,Consumer,Arianne Irving,Medium,19.830199648703115,86.77271
SC-20230,4371.9580000000005,440.14099999999996,4,Corporate,Scot Coram,Medium,10.067365697474678,110.03524999999999
EB-13840,4358.128,656.1988,5,Corporate,Ellis Ballard,Medium,15.05689598836932,131.23976
GZ-14470,4355.150000000001,1087.7539,9,Consumer,Gary Zandusky,Medium,24.97626717793876,120.86154444444443
SR-20740,4345.8859999999995,1990.4243999999999,8,Home Office,Steven Roelle,Medium,45.800198164424934,248.80304999999998
ND-18370,4326.139,353.64549999999997,9,Consumer,Natalie DeCherney,Medium,8.174621758570401,39.29394444444444
MA-17560,4299.161,1240.2266,11,Home Office,Matt Abelman,Medium,28.848107805220597,112.74787272727272
SP-20860,4282.94,566.7226,10,Corporate,Sung Pak,Medium,13.23209290814254,56.67226000000001
DK-12895,4282.176,937.6496,5,Consumer,Dana Kaydos,Medium,21.896568473598464,187.52992
RD-19480,4272.93,480.594,8,Consumer,Rick Duston,Medium,11.24741102709382,60.07425
TC-21295,4266.812,606.3727,8,Consumer,Toby Carlisle,Medium,14.211376081252233,75.7965875
AS-10225,4260.784,719.7751000000001,5,Corporate,Alan Schoenberger,Medium,16.89302015779256,143.95502000000002
FH-14275,4256.272,1073.2676,10,Corporate,Frank Hawley,Medium,25.216142201438252,107.32676
CB-12535,4246.4555,1049.5601,8,Corporate,Claudia Bergmann,Medium,24.716145029660616,131.1950125
TH-21550,4234.0960000000005,-571.9678,7,Home Office,Tracy Hopkins,Medium,-13.508616715350808,-81.70968571428571
BE-11335,4204.676,1487.7739000000001,5,Home Office,Bill Eplett,Medium,35.38379413776472,297.55478000000005
JF-15565,4198.332,1073.2088,8,Consumer,Jill Fjeld,Medium,25.56274253679795,134.1511
GH-14425,4172.8460000000005,1176.4181,4,Consumer,Gary Hwang,Medium,28.192224203816767,294.104525
RS-19765,4159.7699999999995,1206.3851,8,Corporate,Roland Schwarz,Medium,29.001245261156267,150.7981375
MY-18295,4152.696,-371.7111,11,Corporate,Muhammed Yedwab,Medium,-8.951079009876956,-33.79191818181818
PM-19135,4115.662,526.7537,4,Home Office,Peter McVee,Medium,12.798759956478445,131.688425
SV-20785,4105.305,485.0272,9,Consumer,Stewart Visinsky,Medium,11.81464470971097,53.89191111111111
DM-13345,4074.4719999999998,1319.0586,8,Corporate,Denise Monton,Medium,32.37373087850401,164.882325
FP-14320,4046.746,406.44730000000004,8,Consumer,Frank Preis,Medium,10.04380556625002,50.805912500000005
SP-20920,3990.689,14.692400000000003,6,Consumer,Susan Pistek,Medium,0.3681670007359632,2.4487333333333337
CM-12715,3984.4524,176.3108,4,Corporate,Craig Molinari,Medium,4.424969413613775,44.0777
MP-17965,3983.6420000000003,638.1563,9,Corporate,Michael Paige,Medium,16.01941891364736,70.90625555555556
SC-20305,3979.065,229.1617,7,Consumer,Sean Christensen,Medium,5.759184632570716,32.737385714285715
SJ-20125,3949.656,144.1189,12,Home Office,Sanjit Jacobs,Medium,3.648897524240086,12.009908333333334
LF-17185,3930.5089999999996,-3583.977,7,Consumer,Luke Foster,Medium,-91.18353373570702,-511.9967142857143
PW-19240,3922.4150000000004,1290.354,7,Consumer,Pierre Wener,Medium,32.89692702072575,184.3362857142857
GA-14515,3919.7760000000003,840.899,8,Consumer,George Ashbrook,Medium,21.452730972382096,105.112375
KH-16630,3918.9660000000003,727.3786,9,Corporate,Ken Heidel,Medium,18.560472328670365,80.81984444444444
CC-12220,3913.418,393.9618,12,Consumer,Chris Cortes,Medium,10.066949147778233,32.830149999999996
DB-13555,3908.8028,109.32700000000001,7,Corporate,Dorothy Badders,Medium,2.79694335053178,15.618142857142859
NP-18670,3908.402,514.6002,5,Consumer,Nora Paige,Medium,13.166511530799543,102.92004
KC-16540,3908.262,709.4219,4,Consumer,Kelly Collister,Medium,18.151851129734904,177.355475
FC-14335,3889.366,714.2926,7,Corporate,Fred Chung,Medium,18.365270843628497,102.0418
BS-11380,3887.834,-17.532200000000024,5,Corporate,Bill Stewart,Medium,-0.45095032349632275,-3.506440000000005
JS-15880,3868.02,564.9798000000001,5,Consumer,John Stevenson,Medium,14.606434299719236,112.99596000000001
RA-19885,3832.314,1292.8656,7,Corporate,Ruben Ausman,Medium,33.735899511365716,184.69508571428574
AT-10735,3831.864,974.107,10,Consumer,Annie Thurman,Medium,25.421231024900674,97.41069999999999
OT-18730,3818.624,-925.1203,5,Consumer,Olvera Toch,Medium,-24.226535526933265,-185.02406000000002
RO-19780,3815.478,-1262.5716000000002,7,Consumer,Rose O'Brian,Medium,-33.090784431203645,-180.36737142857146
MC-17845,3805.714,698.4174,7,Consumer,Michael Chen,Medium,18.35180993632207,99.7739142857143
MM-17920,3794.0800000000004,82.12499999999997,11,Consumer,Michael Moore,Medium,2.164556361489477,7.465909090909088
CA-11965,3789.7228,1143.3817,6,Corporate,Carol Adams,Medium,30.170589257873953,190.56361666666666
MG-17650,3785.276,341.898,7,Home Office,Matthew Grinstein,Medium,9.032313627856992,48.84257142857143
MD-17350,3766.382,-241.94999999999996,7,Consumer,Maribeth Dona,Medium,-6.423936817879864,-34.56428571428571
JK-15625,3760.028,750.9485,7,Consumer,Jim Karlsson,Medium,19.971885847658584,107.27835714285713
JK-16090,3747.668,586.6625,3,Consumer,Juliana Krohn,Medium,15.65406807646782,195.55416666666667
FM-14290,3736.198,198.10949999999997,9,Home Office,Frank Merwin,Medium,5.302435791679134,22.012166666666662
SC-20260,3729.7929999999997,671.0033999999999,8,Corporate,Scott Cohen,Medium,17.990365685173412,83.87542499999999
HG-15025,3690.284,804.6113,7,Consumer,Hunter Glantz,Medium,21.80350618001216,114.94447142857143
BP-11185,3675.861,363.5991,9,Corporate,Ben Peterman,Medium,9.891535615737375,40.3999
LP-17095,3653.399,338.44539999999995,7,Consumer,Liz Preis,Medium,9.263849910726968,48.34934285714285
CS-12400,3651.8585000000003,-342.80330000000004,9,Home Office,Christopher Schild,Medium,-9.387091531613287,-38.08925555555556
EB-13705,3644.978,13.621500000000005,9,Corporate,Ed Braxton,Medium,0.37370595926779265,1.5135000000000005
JP-15520,3635.594,757.1802,7,Consumer,Jeremy Pistek,Medium,20.826863505660974,108.1686
SZ-20035,3625.329,366.43030000000005,11,Home Office,Sam Zeldin,Medium,10.107504725777993,33.311845454545455
RH-19495,3621.3759999999997,563.7877,5,Consumer,Rick Hansen,Medium,15.568328171391208,112.75753999999999
TB-21175,3589.296,829.1635,4,Corporate,Thomas Boland,Medium,23.10100643691688,207.290875
GM-14440,3582.8199999999997,347.266,7,Consumer,Gary McGarr,Medium,9.692532697707394,49.60942857142857
DL-13495,3539.322,-52.78799999999997,8,Corporate,Dionis Lloyd,Medium,-1.491472095503036,-6.598499999999996
ES-14020,3510.4579999999996,1003.2935,5,Consumer,Erica Smith,Medium,28.580131139583496,200.6587
RW-19690,3495.646,707.5503,5,Consumer,Robert Waldorf,Medium,20.240902539902493,141.51006
AG-10675,3489.0396000000005,-246.42570000000003,7,Consumer,Anna Gayman,Medium,-7.062851909161479,-35.20367142857143
ED-13885,3484.92,670.4435000000001,8,Home Office,Emily Ducich,Medium,19.238418672451594,83.80543750000001
PW-19030,3454.916,803.8169,10,Corporate,Pauline Webber,Medium,23.265888374710123,80.38169
SF-20200,3422.7859999999996,286.9046,9,Consumer,Sarah Foster,Medium,8.382195089029814,31.87828888888889
FC-14245,3418.742,1217.1662000000001,7,Home Office,Frank Carlisle,Medium,35.60275095342088,173.88088571428574
SH-19975,3406.8395,558.4739999999999,13,Corporate,Sally Hughsby,Medium,16.392729977446837,42.95953846153846
SG-20080,3406.5809999999997,570.438,3,Consumer,Sandra Glassco,Medium,16.745176468723333,190.146
TS-21655,3368.094,220.91629999999998,5,Consumer,Trudy Schmidt,Medium,6.559089502846415,44.18326
SC-20020,3362.9636,-317.0508,5,Consumer,Sam Craven,Medium,-9.427720240564007,-63.41016
VP-21760,3360.526,-1018.7768,7,Corporate,Victoria Pisteka,Medium,-30.315992198840302,-145.53954285714286
DJ-13630,3356.398,731.5644,3,Consumer,Doug Jacobs,Medium,21.79611595525918,243.85479999999998
DV-13465,3341.587,353.2127,6,Consumer,Dianna Vittorini,Medium,10.570208107704513,58.86878333333333
SF-20965,3336.535,539.9352,9,Corporate,Sylvia Foulston,Medium,16.18251269655496,59.9928
DC-12850,3336.168,-1441.6312999999998,9,Consumer,Dan Campbell,Medium,-43.21219135247385,-160.18125555555554
AP-10915,3323.556,579.3113,10,Consumer,Arthur Prichep,Medium,17.43046604299732,57.931129999999996
DK-13375,3318.486,377.0799,8,Consumer,Dennis Kane,Medium,11.363010119675057,47.1349875
KH-16330,3312.864,454.7871,8,Corporate,Katharine Harms,Medium,13.727913370425107,56.8483875
RF-19345,3309.15,633.7072000000001,8,Corporate,Randy Ferguson,Medium,19.15015034072194,79.21340000000001
RR-19525,3302.2619999999997,721.6826,6,Corporate,Rick Reed,Medium,21.854189643341442,120.28043333333333
BD-11605,3288.471,634.8463,7,Consumer,Brian Dahlen,Medium,19.305212057518524,90.69232857142858
BS-11665,3288.1099999999997,238.73680000000002,3,Consumer,Brian Stugart,Medium,7.260608677933525,79.57893333333334
RW-19630,3279.746,698.8325,9,Corporate,Rob Williams,Medium,21.307518935917596,77.64805555555556
DL-12925,3272.2,4.213200000000029,6,Consumer,Daniel Lacy,Medium,0.12875741091620407,0.7022000000000048
DK-12835,3256.48,881.1228000000001,12,Corporate,Damala Kotsonis,Medium,27.057522232594707,73.4269
AS-10090,3255.31,64.53739999999998,9,Consumer,Adam Shillingsburg,Medium,1.9825270097164318,7.1708222222222195
JO-15145,3254.949,581.4045,9,Corporate,Jack O'Briant,Medium,17.862169269011588,64.6005
AH-10075,3250.337,281.189,10,Corporate,Adam Hart,Medium,8.651072181130758,28.118900000000004
HG-14965,3247.642,-2797.9635000000003,12,Corporate,Henry Goldwyn,Medium,-86.15369243284822,-233.16362500000002
LC-16960,3246.626,299.48019999999997,4,Home Office,Lindsay Castell,Medium,9.224351680791072,74.87004999999999
CT-11995,3241.898,161.22629999999995,8,Consumer,Carol Triggs,Medium,4.973207053398964,20.153287499999994
EB-13750,3236.314,-80.28599999999999,10,Corporate,Edward Becker,Medium,-2.480785239009564,-8.028599999999999
SR-20425,3233.481,-3333.9144,5,Home Office,Sharelle Roach,Medium,-103.1060457754352,-666.78288
LW-16990,3230.308,662.8339000000001,6,Corporate,Lindsay Williams,Medium,20.519216743418898,110.47231666666669
RS-19420,3221.29,633.4513999999999,5,Corporate,Ricardo Sperren,Medium,19.664525702435977,126.69027999999999
AS-10285,3214.236,354.62760000000003,6,Corporate,Alejandro Savely,Medium,11.033029310853342,59.104600000000005
MP-17470,3206.132,600.2873,7,Home Office,Mark Packer,Medium,18.723099984654404,85.75532857142856
CS-12355,3202.1620000000003,831.9432,11,Consumer,Christine Sundaresam,Medium,25.98067180860931,75.6312
BT-11680,3196.752,447.74839999999995,7,Consumer,Brian Thompson,Medium,14.006353949258497,63.964057142857136
DG-13300,3195.818,562.7761,5,Corporate,Deirdre Greer,Medium,17.609766889103195,112.55522
JL-15505,3173.874,591.7163,6,Consumer,Jeremy Lonsdale,Medium,18.64334564006007,98.61938333333335
GM-14680,3163.628,35.48649999999999,6,Consumer,Greg Matthias,Medium,1.121702678064551,5.914416666666665
JM-15250,3159.1220000000003,19.82350000000004,6,Consumer,Janet Martin,Medium,0.6275002991337478,3.303916666666673
CK-12205,3154.855,141.2831,13,Consumer,Chloris Kastensmidt,Medium,4.478275546736696,10.86793076923077
KB-16240,3152.6150000000002,763.9076,7,Corporate,Karen Bern,Medium,24.230919411345816,109.12965714285714
MS-17770,3144.678,280.85839999999996,9,Consumer,Maxwell Schwartz,Medium,8.931229206933109,31.206488888888885
RD-19900,3133.924,455.5292,9,Consumer,Ruben Dartt,Medium,14.535425875037175,50.614355555555555
TN-21040,3130.221,-692.0452,7,Home Office,Tanja Norvell,Medium,-22.108509271390105,-98.8636
SN-20710,3127.9592,481.74989999999997,7,Home Office,Steve Nguyen,Medium,15.401412524818097,68.82141428571428
SG-20605,3124.832,463.269,6,Consumer,Speros Goranitis,Medium,14.82540501377354,77.2115
KH-16360,3100.612,528.2051,6,Consumer,Katherine Hughes,Medium,17.03551105394677,88.03418333333333
PG-18820,3086.907,137.46130000000002,13,Consumer,Patrick Gardner,Medium,4.453043126987629,10.573946153846155
EH-14125,3082.653,96.27019999999999,10,Home Office,Eugene Hildebrand,Medium,3.1229658349480136,9.627019999999998
GM-14455,3078.624,793.2814000000001,6,Home Office,Gary Mitchum,Medium,25.767401280572106,132.21356666666668
EB-14110,3071.126,184.7656,6,Consumer,Eugene Barchas,Medium,6.016216853362578,30.79426666666667
MG-18145,3061.543,-93.603,4,Consumer,Mike Gockenbach,Medium,-3.057379889813731,-23.40075
TG-21310,3058.372,682.1704,5,Consumer,Toby Gnade,Medium,22.30501717907436,136.43408
KT-16465,3057.1,254.0032,7,Consumer,Kean Takahito,Medium,8.308632364005103,36.28617142857143
SS-20410,3056.8070000000002,-1010.9738,6,Consumer,Shahid Shariari,Medium,-33.07286982789557,-168.49563333333333
SL-20155,3053.012,527.9715,7,Home Office,Sara Luxemburg,Medium,17.29346298016516,75.4245
AS-10045,3050.692,-253.57459999999998,7,Corporate,Aaron Smayling,Medium,-8.312035433272188,-36.22494285714286
CA-12775,3041.566,204.48950000000002,7,Consumer,Cynthia Arntzen,Medium,6.723164974884649,29.21278571428572
CS-11950,3036.547,-126.4223,11,Consumer,Carlos Soltero,Medium,-4.163357260730692,-11.492936363636364
LS-16975,2988.674,262.63669999999996,9,Home Office,Lindsay Shagiari,Medium,8.787733289077362,29.18185555555555
MH-18025,2984.948,476.9032,5,Consumer,Michelle Huthwaite,Medium,15.976934941580224,95.38064
FA-14230,2984.054,520.5229,7,Corporate,Frank Atkinson,Medium,17.44348125067442,74.3604142857143
DB-13120,2973.094,-1421.7692,7,Corporate,David Bremer,Medium,-47.821199060641874,-203.1098857142857
NS-18640,2964.823,-234.7714,13,Corporate,Noel Staavos,Medium,-7.918563772609698,-18.059338461538463
TM-21010,2955.2259999999997,573.3013,8,Consumer,Tamara Manning,Medium,19.39957553161755,71.6626625
CK-12325,2945.321,261.22090000000003,5,Home Office,Christine Kargatis,Medium,8.869012919135132,52.24418000000001
TH-21115,2942.772,-252.5539,4,Corporate,Thea Hudgings,Medium,-8.582176940653234,-63.138475
LT-17110,2936.252,320.973,8,Consumer,Liz Thompson,Medium,10.93138463592362,40.121625
BC-11125,2933.676,251.5974,9,Home Office,Becky Castell,Medium,8.576182236893235,27.955266666666667
JK-16120,2932.484,122.6566,10,Home Office,Julie Kriz,Medium,4.182686077741601,12.26566
SW-20455,2921.544,793.6548,7,Consumer,Shaun Weien,Medium,27.165594630784273,113.37925714285714
ML-17410,2921.5,-76.17550000000003,6,Consumer,Maris LaWare,Medium,-2.6074105767585154,-12.69591666666667
RD-19585,2912.8940000000002,734.5158,10,Consumer,Rob Dowd,Medium,25.216015412850584,73.45158
CY-12745,2900.026,60.64670000000001,8,Corporate,Craig Yedwab,Medium,2.0912467681324243,7.580837500000001
ND-18460,2893.455,443.33680000000004,6,Corporate,Neil Ducich,Medium,15.322056157776778,73.88946666666668
MT-17815,2890.139,509.0068,6,Consumer,Meg Tillman,Medium,17.611844966626172,84.83446666666667
BF-11020,2888.506,302.02,8,Corporate,Barry Französisch,Medium,10.455924273655654,37.7525
DS-13180,2881.8128,163.6993,9,Corporate,David Smith,Medium,5.680427958401739,18.18881111111111
PV-18985,2876.046,434.52840000000003,5,Home Office,Paul Van Hugh,Medium,15.108534425388193,86.90568
IM-15055,2872.63,975.7701,3,Consumer,Ionia McGrath,Medium,33.967830872754234,325.25669999999997
CC-12430,2870.05,424.6583,10,Home Office,Chuck Clark,Medium,14.796198672496994,42.46583
CC-12685,2854.1150000000002,850.1591,4,Consumer,Craig Carroll,Medium,29.787135416757906,212.539775
AW-10930,2852.968,-104.5486,7,Home Office,Arthur Wiediger,Medium,-3.6645556487139004,-14.935514285714286
EA-14035,2846.705,-52.74059999999998,13,Corporate,Erin Ashbrook,Medium,-1.8526893373215694,-4.056969230769229
LS-16945,2845.27,-318.77369999999996,6,Corporate,Linda Southworth,Medium,-11.203636210271783,-53.128949999999996
DB-12970,2839.2272,213.00289999999998,5,Corporate,Darren Budd,Medium,7.502143541031164,42.600579999999994
JM-16195,2833.9260000000004,754.1144,10,Consumer,Justin MacKendrick,Medium,26.610236117668563,75.41144
CV-12295,2830.6279999999997,493.0861,5,Consumer,Christina VanderZanden,Medium,17.419671535786406,98.61722
TS-21610,2820.424,-294.6981,7,Consumer,Troy Staebel,Medium,-10.448716221390827,-42.09972857142857
GH-14410,2819.4669999999996,-576.8335,9,Home Office,Gary Hansen,Medium,-20.45895554017834,-64.09261111111111
BG-11035,2798.948,-711.4274,8,Consumer,Barry Gonzalez,Medium,-25.4176712107549,-88.928425
TB-21625,2797.668,379.882,9,Consumer,Trudy Brown,Medium,13.578523255797329,42.20911111111111
RD-19660,2786.632,835.772,5,Home Office,Robert Dilbeck,Medium,29.99219129041797,167.1544
JC-15775,2772.055,279.56919999999997,9,Consumer,John Castell,Medium,10.085268870927885,31.06324444444444
PF-19165,2770.0,196.87389999999996,6,Consumer,Philip Fox,Medium,7.107361010830323,32.81231666666666
EB-13870,2767.219,261.5315,10,Consumer,Emily Burns,Medium,9.45105898738047,26.15315
CS-12250,2754.216,738.3626,12,Corporate,Chris Selesnick,Medium,26.80844930099891,61.53021666666667
MM-18055,2749.881,-520.3443,8,Consumer,Michelle Moray,Medium,-18.922429734232136,-65.0430375
KB-16585,2744.742,579.3551,12,Corporate,Ken Black,Medium,21.10781632663471,48.27959166666667
LL-16840,2741.2039999999997,560.0078,6,Consumer,Lauren Leatherbury,Medium,20.42926392928071,93.33463333333333
MC-17275,2725.982,461.0014,8,Consumer,Marc Crier,Medium,16.911388263018612,57.625175
JL-15850,2725.256,779.9046,6,Consumer,John Lucas,Medium,28.617663808464233,129.98409999999998
ML-17395,2722.843,684.9162,9,Corporate,Marina Lichtenstein,Medium,25.154450697304252,76.1018
JK-15370,2709.632,330.2838,8,Consumer,Jay Kimmel,Medium,12.189249315036136,41.285475
JE-16165,2697.248,789.6476,3,Corporate,Justin Ellison,Medium,29.276047289681927,263.21586666666667
BT-11530,2684.4919999999997,409.4983,5,Home Office,Bradley Talbott,Medium,15.254219420285104,81.89966
BO-11350,2682.728,278.77700000000004,5,Corporate,Bill Overfelt,Medium,10.391549199173381,55.75540000000001
FO-14305,2678.438,215.59689999999998,10,Consumer,Frank Olsen,Medium,8.049351898382563,21.559689999999996
NH-18610,2673.29,760.1666,7,Corporate,Nicole Hansen,Medium,28.43562052751479,108.59522857142858
RB-19435,2663.0860000000002,477.23990000000003,8,Consumer,Richard Bierner,Medium,17.920559080705615,59.654987500000004
EJ-14155,2656.691,451.87550000000005,5,Consumer,Eva Jacobs,Medium,17.008959641900397,90.3751
DK-13090,2650.557,536.3935,7,Consumer,Dave Kipp,Medium,20.23701056042183,76.62764285714286
CA-12265,2648.2872,279.6183,9,Consumer,Christina Anderson,Medium,10.55845831222535,31.068699999999996
LC-17140,2633.582,231.12520000000004,9,Consumer,Logan Currie,Medium,8.776077600773396,25.68057777777778
RA-19285,2617.906,546.0882,9,Consumer,Ralph Arnett,Medium,20.859732931587306,60.67646666666667
KN-16390,2617.272,-151.1518,9,Corporate,Katherine Nockton,Medium,-5.775165897927308,-16.794644444444444
SO-20335,2602.5755,-81.0858,6,Consumer,Sean O'Donnell,Medium,-3.1155983755322376,-13.5143
SU-20665,2595.364,763.4719,7,Home Office,Stephanie Ulpright,Medium,29.416756185259562,109.06741428571429
HA-14920,2584.158,99.1445,8,Consumer,Helen Andreada,Medium,3.836626862598959,12.3930625
AG-10270,2582.898,732.7399,5,Consumer,Alejandro Grove,Medium,28.36890577947716,146.54798
LC-16870,2580.7039999999997,-188.25110000000004,8,Consumer,Lena Cacioppo,Medium,-7.294563808945158,-23.531387500000005
SC-20695,2576.408,611.8291,10,Corporate,Steve Chapman,Medium,23.747368429223943,61.18291000000001
NS-18505,2575.863,-12.303999999999997,4,Consumer,Neola Schneider,Medium,-0.4776651553285247,-3.075999999999999
BT-11305,2567.656,417.5918,5,Home Office,Beth Thompson,Medium,16.26354153360107,83.51836
EM-13810,2567.0099999999998,-133.8275,5,Corporate,Eleni McCrary,Medium,-5.213361069882859,-26.765499999999996
MZ-17515,2564.906,787.7503,6,Corporate,Mary Zewe,Medium,30.7126382019458,131.29171666666667
BS-11755,2562.382,-113.29840000000003,7,Consumer,Bruce Stewart,Medium,-4.4216045851087005,-16.18548571428572
DE-13255,2550.874,464.47139999999996,5,Home Office,Deanra Eno,Medium,18.208323892124817,92.89428
CC-12610,2540.631,331.434,7,Corporate,Corey Catlett,Medium,13.045341885539461,47.34771428571429
AC-10615,2537.6859999999997,298.8273,5,Corporate,Ann Chong,Medium,11.775582164223627,59.76546
CM-12160,2533.314,-394.3686,6,Consumer,Charles McCrossin,Medium,-15.567300382029234,-65.7281
HF-14995,2533.1639999999998,-13.876799999999989,7,Consumer,Herbert Flentye,Medium,-0.5478050374946111,-1.9823999999999984
FM-14380,2523.266,191.4898,9,Consumer,Fred McMath,Medium,7.588966046385915,21.276644444444443
JB-16045,2518.115,201.51850000000002,5,Home Office,Julia Barnett,Medium,8.002752058583505,40.303700000000006
JS-16030,2516.494,-311.25749999999994,6,Consumer,Joy Smith,Medium,-12.368696289361306,-51.87624999999999
DJ-13510,2501.6879999999996,345.2521,8,Corporate,Don Jones,Medium,13.800765722983844,43.1565125
AH-10465,2495.3916,-196.12009999999998,5,Consumer,Amy Hunt,Medium,-7.859291503586049,-39.224019999999996
PO-18865,2493.214,437.8533,7,Consumer,Patrick O'Donnell,Medium,17.56180175468291,62.55047142857143
NZ-18565,2488.31,402.4236,9,Home Office,Nick Zandusky,Medium,16.17256692293163,44.71373333333334
MN-17935,2477.946,290.8227,6,Consumer,Michael Nguyen,Medium,11.736442198498272,48.47045
BP-11290,2475.157,-319.0637,7,Consumer,Beth Paige,Medium,-12.890644916665892,-45.580528571428566
CC-12145,2471.65,392.2825,7,Consumer,Charles Crestani,Medium,15.871280318815367,56.04035714285715
NC-18340,2461.404,580.3075,5,Consumer,Nat Carroll,Medium,23.576280041797286,116.0615
FM-14215,2456.638,249.6808,10,Corporate,Filia McAdams,Medium,10.163516155005336,24.96808
MH-17455,2456.1820000000002,484.77330000000006,8,Consumer,Mark Hamilton,Medium,19.736863962035386,60.59666250000001
BS-11590,2454.928,381.7807,6,Corporate,Brendan Sweed,Medium,15.551604772115518,63.63011666666667
VM-21685,2454.866,513.5269,7,Home Office,Valerie Mitchum,Medium,20.918734464528814,73.3609857142857
GZ-14545,2454.6220000000003,828.661,4,Corporate,George Zrebassa,Medium,33.75921017574192,207.16525
MA-17995,2453.284,280.7822,6,Home Office,Michelle Arnett,Medium,11.445156777609114,46.79703333333333
BP-11095,2442.044,433.9751,12,Corporate,Bart Pistole,Medium,17.770977918497785,36.16459166666667
MC-17590,2426.067,288.98409999999996,6,Corporate,Matt Collister,Medium,11.911628986338792,48.16401666666666
TH-21100,2422.824,-135.2125,5,Consumer,Thea Hendricks,Medium,-5.580780939927952,-27.0425
MH-17290,2394.025,28.761200000000038,6,Home Office,Marc Harrigan,Medium,1.2013742546548194,4.79353333333334
DF-13135,2390.534,-259.3097,3,Consumer,David Flashing,Medium,-10.847354607798927,-86.43656666666668
XP-21865,2374.658,621.23,11,Consumer,Xylona Preis,Medium,26.160819789628654,56.47545454545455
CK-12595,2372.75,497.70980000000003,11,Consumer,Clytie Kelty,Medium,20.976074175534716,45.246345454545455
JF-15415,2371.448,635.6376,6,Consumer,Jennifer Ferguson,Medium,26.80377558352534,105.9396
CV-12805,2370.3136,98.99749999999999,9,Corporate,Cynthia Voltz,Medium,4.176557059791581,10.999722222222221
NR-18550,2367.277,-25.148799999999966,5,Consumer,Nick Radford,Medium,-1.0623513851568687,-5.029759999999993
JG-15115,2358.676,684.1911,3,Consumer,Jack Garza,Medium,29.00742196045578,228.0637
AG-10495,2356.855,295.6668,8,Corporate,Andrew Gjertsen,Medium,12.544972007187546,36.95835
CL-12700,2353.586,229.00990000000002,5,Home Office,Craig Leslie,Medium,9.73025417384366,45.80198
MG-17680,2350.188,25.888599999999972,4,Home Office,Maureen Gastineau,Medium,1.101554428837181,6.472149999999993
RF-19735,2341.2960000000003,711.6168,7,Consumer,Roland Fjeld,Medium,30.39414068105869,101.65954285714285
EM-13825,2339.598,682.5541999999999,8,Corporate,Elizabeth Moffitt,Medium,29.173994848687677,85.31927499999999
DB-13210,2332.577,169.9679,10,Consumer,Dean Braden,Medium,7.28670050334887,16.996789999999997
CM-12235,2305.712,365.0387,5,Consumer,Chris McAfee,Medium,15.831929573164386,73.00774
MK-17905,2302.368,-405.3559,8,Corporate,Michael Kennedy,Medium,-17.60604299573309,-50.6694875
LH-16900,2295.332,526.0727,9,Consumer,Lena Hernandez,Medium,22.91924218370153,58.45252222222223
KN-16705,2280.58,329.76250000000005,8,Home Office,Kristina Nunn,Medium,14.459589227301828,41.220312500000006
JF-15190,2279.5860000000002,575.1259,7,Consumer,Jamie Frazer,Medium,25.229401303570032,82.16084285714285
FH-14350,2271.284,706.289,4,Consumer,Fred Harton,Medium,31.096463498179883,176.57225
CC-12670,2269.7015,187.8399,7,Consumer,Craig Carreira,Medium,8.275973734872185,26.83427142857143
BE-11410,2261.438,755.9150999999999,5,Consumer,Bobby Elias,Medium,33.42630220240395,151.18302
KM-16225,2260.958,635.1057000000001,6,Corporate,Kalyca Meade,Medium,28.09011489819802,105.85095000000001
MC-17605,2258.192,195.4486,8,Corporate,Matt Connell,Medium,8.655092215365212,24.431075
JH-16180,2256.3940000000002,-96.95300000000002,4,Consumer,Justin Hirsh,Medium,-4.29681163839294,-24.238250000000004
MY-17380,2254.285,319.1211,7,Corporate,Maribeth Yedwab,Medium,14.15620030297855,45.588728571428575
KD-16615,2243.5099999999998,539.7219,5,Corporate,Ken Dana,Medium,24.05703116990787,107.94438
TS-21505,2243.274,11.377899999999983,6,Consumer,Tony Sayre,Medium,0.507200636212963,1.8963166666666638
JG-15310,2240.58,3.7976000000000063,6,Corporate,Jason Gross,Medium,0.16949182800881943,0.6329333333333343
LW-16825,2238.061,32.5767,5,Corporate,Laurel Workman,Medium,1.4555769480813974,6.51534
AR-10405,2236.128,-98.7646,5,Corporate,Allen Rosenblatt,Medium,-4.416768628629488,-19.75292
GG-14650,2224.0,12.698500000000008,9,Corporate,Greg Guthrie,Medium,0.5709757194244608,1.4109444444444454
NC-18415,2218.9900000000002,-2204.8072,6,Consumer,Nathan Cano,Medium,-99.36084434810432,-367.4678666666667
MC-18100,2218.98,-64.1668,10,Consumer,Mick Crebagga,Medium,-2.8917250268141217,-6.4166799999999995
DP-13105,2215.002,563.1761,8,Corporate,Dave Poirier,Medium,25.42553460448343,70.3970125
PF-19225,2206.1279999999997,591.3118000000001,5,Consumer,Phillip Flathmann,Medium,26.80315013453436,118.26236000000002
MH-17785,2203.7780000000002,238.5614,7,Corporate,Maya Herman,Medium,10.825110333254981,34.0802
JL-15235,2203.7,54.51740000000002,5,Consumer,Janet Lee,Medium,2.4739029813495494,10.903480000000005
JR-16210,2201.686,452.37300000000005,5,Corporate,Justin Ritter,Medium,20.546662875632585,90.47460000000001
EN-13780,2199.366,496.1131,4,Consumer,Edward Nazzal,Medium,22.557095999483487,124.028275
TB-21280,2198.45,490.9567,6,Consumer,Toby Braunhardt,Medium,22.33194750847188,81.82611666666666
GW-14605,2189.019,-268.54229999999995,7,Consumer,Giulietta Weimer,Medium,-12.267700737179531,-38.363185714285706
BT-11395,2186.6130000000003,257.9163,6,Corporate,Bill Tyler,Medium,11.795242230792551,42.98605
PS-18760,2181.479,-134.441,6,Consumer,Pamela Stobb,Medium,-6.162837231071214,-22.406833333333335
SH-20395,2180.718,-144.5229,10,Consumer,Shahid Hopkins,Medium,-6.627308070094346,-14.45229
KN-16450,2171.962,114.3083,5,Corporate,Kean Nguyen,Medium,5.262905152115921,22.86166
DB-12910,2171.599,431.3748,8,Home Office,Daniel Byrd,Medium,19.86438564394255,53.92185
RP-19855,2170.716,594.5868,8,Corporate,Roy Phan,Medium,27.39127550540928,74.32335
TS-21160,2163.6240000000003,260.87440000000004,6,Corporate,Theresa Swint,Medium,12.057289066861895,43.479066666666675
HA-14905,2163.3,270.8574,7,Consumer,Helen Abelman,Medium,12.520565802246567,38.693914285714285
EJ-13720,2162.174,387.0176,4,Consumer,Ed Jacobs,Medium,17.899466000423647,96.7544
NM-18520,2161.979,788.9525000000001,10,Consumer,Neoma Murray,Medium,36.492144465788066,78.89525
JD-15790,2152.352,-266.55249999999995,5,Consumer,John Dryer,Medium,-12.384242911940053,-53.31049999999999
CR-12580,2148.852,74.40129999999999,4,Home Office,Clay Rozendal,Medium,3.462374328245966,18.600324999999998
DN-13690,2139.79,540.5405000000001,7,Consumer,Duane Noonan,Medium,25.261380789703665,77.22007142857144
KC-16255,2120.954,846.1217,6,Corporate,Karen Carlisle,Medium,39.893448891395096,141.02028333333334
SH-20635,2096.392,260.6258,2,Corporate,Stefanie Holloman,Medium,12.432111933264393,130.3129
LC-17050,2095.064,86.77799999999999,5,Consumer,Liz Carlisle,Medium,4.142021437053951,17.3556
RH-19600,2085.7400000000002,172.6261,3,Consumer,Rob Haberlin,Medium,8.27649179667648,57.542033333333336
TG-21640,2074.661,365.7205,4,Consumer,Trudy Glocke,Medium,17.627964279465417,91.430125
ML-17755,2071.9139999999998,409.51120000000003,7,Home Office,Max Ludwig,Medium,19.76487441081049,58.5016
RB-19705,2067.45,243.07549999999998,4,Home Office,Roger Barcio,Medium,11.757261360613317,60.768874999999994
TS-21430,2054.14,48.70169999999999,5,Corporate,Tom Stivers,Medium,2.370904612149123,9.740339999999998
AF-10870,2052.908,317.9712,7,Consumer,Art Ferguson,Medium,15.488818787787862,45.42445714285714
CD-11920,2033.968,426.661,5,Consumer,Carlos Daly,Medium,20.97678036232625,85.3322
NF-18595,2031.472,388.2131,7,Home Office,Nicole Fjeld,Medium,19.109940968913183,55.45901428571428
DJ-13420,2012.52,483.03499999999997,4,Corporate,Denny Joy,Medium,24.001500606205152,120.75874999999999
VB-21745,2005.596,371.2398,6,Corporate,Victoria Brennan,Medium,18.510198464695783,61.8733
HP-14815,1990.314,373.8637,7,Home Office,Harold Pawlan,Medium,18.78415667075647,53.4091
DB-13615,1989.05,438.80119999999994,7,Consumer,Doug Bickford,Medium,22.06084311606043,62.6858857142857
PG-18895,1987.164,334.5163,9,Consumer,Paul Gonzalez,Medium,16.833854679331953,37.16847777777778
NB-18655,1972.599,117.6429,9,Corporate,Nona Balk,Medium,5.9638527648042,13.071433333333333
SW-20275,1966.65,332.8725,6,Consumer,Scott Williamson,Medium,16.925863778506596,55.47875
LD-17005,1961.934,557.1714,4,Consumer,Lisa DeCherney,Medium,28.399089877641142,139.29285
CB-12415,1949.2,272.3883,8,Consumer,Christy Brittain,Medium,13.974363841576032,34.0485375
TP-21565,1936.6399999999999,139.22869999999995,4,Corporate,Tracy Poddar,Medium,7.189188491407797,34.80717499999999
JO-15280,1934.272,202.13619999999997,6,Consumer,Jas O'Carroll,Medium,10.450246914601461,33.689366666666665
JF-15355,1911.844,330.199,6,Consumer,Jay Fein,Medium,17.271231334774175,55.033166666666666
ME-17725,1908.4532,77.81280000000001,8,Consumer,Max Engle,Medium,4.077270535111891,9.726600000000001
SV-20935,1903.491,106.8912,8,Consumer,Susan Vittorini,Medium,5.61553482522376,13.3614
KD-16345,1888.964,328.5942,6,Consumer,Katherine Ducich,Medium,17.39547180359181,54.7657
GD-14590,1888.07,230.93729999999996,4,Corporate,Giulietta Dortch,Medium,12.231395022430311,57.73432499999999
SG-20470,1884.798,-119.0105,8,Consumer,Sheri Gordon,Medium,-6.3142310210431045,-14.8763125
LR-17035,1879.306,-382.8079,5,Corporate,Lisa Ryan,Medium,-20.36964177201584,-76.56158
SC-20440,1874.998,379.5611,7,Corporate,Shaun Chance,Medium,20.243280259498945,54.223014285714285
BG-11695,1874.172,107.5715,6,Corporate,Brooke Gillingham,Medium,5.739681309933133,17.928583333333332
SP-20650,1872.4360000000001,268.4782,9,Corporate,Stephanie Phelps,Medium,14.338444678483004,29.830911111111114
NG-18355,1869.58,313.63349999999997,5,Corporate,Nat Gilpin,Medium,16.775612704457686,62.726699999999994
CD-12790,1860.732,403.8422,5,Home Office,Cynthia Delaney,Medium,21.703404896567587,80.76844
SN-20560,1860.418,-716.8565000000001,6,Home Office,Skye Norling,Medium,-38.53201269822159,-119.47608333333335
PR-18880,1840.178,247.6226,5,Consumer,Patrick Ryan,Medium,13.456448234899016,49.52452
AJ-10945,1839.24,521.1351999999999,7,Consumer,Ashley Jarboe,Medium,28.334268502207433,74.4478857142857
PC-18745,1832.064,272.685,4,Corporate,Pamela Coakley,Medium,14.884032435548104,68.17125
EG-13900,1832.02,104.2656,5,Consumer,Emily Grady,Medium,5.691291579786247,20.85312
PJ-19015,1824.2340000000002,682.9979000000001,7,Consumer,Pauline Johnson,Medium,37.440257116137516,97.57112857142859
NC-18625,1821.742,-359.02099999999996,5,Corporate,Noah Childs,Medium,-19.707565615767763,-71.8042
JM-15265,1804.146,502.6143,5,Corporate,Janet Molinari,Medium,27.85884845239798,100.52286000000001
JB-15400,1791.605,156.05319999999998,10,Corporate,Jennifer Braxton,Medium,8.710245841019642,15.605319999999997
AA-10480,1790.5120000000002,435.8274,4,Consumer,Andrew Allen,Medium,24.340937117427863,108.95685
CC-12100,1770.945,208.5912,6,Home Office,Chad Cunningham,Medium,11.778525024774908,34.7652
DS-13030,1762.213,193.3319,4,Home Office,Darrin Sayre,Medium,10.970972294495613,48.332975
MF-18250,1758.3,456.86080000000004,5,Corporate,Monica Federle,Medium,25.983097309901616,91.37216000000001
AH-10030,1744.7,365.2152,7,Corporate,Aaron Hawkins,Medium,20.932836590817907,52.1736
LH-17155,1739.689,316.5202,9,Consumer,Logan Haushalter,Medium,18.19406802020361,35.16891111111111
BW-11200,1738.406,246.9973,6,Consumer,Ben Wallace,Medium,14.208263202036807,41.166216666666664
VT-21700,1736.596,-224.08889999999997,2,Home Office,Valerie Takahito,Medium,-12.903916627701548,-112.04444999999998
AH-10120,1735.5140000000001,-2.3145999999999773,7,Home Office,Adrian Hane,Medium,-0.13336682965392255,-0.3306571428571396
MV-18190,1734.574,273.8582,7,Consumer,Mike Vittorini,Medium,15.788210822945576,39.1226
JM-15535,1733.443,356.5395,7,Consumer,Jessica Myrick,Medium,20.568285198878762,50.93421428571428
BE-11455,1727.652,139.20080000000002,6,Home Office,Brad Eason,Medium,8.057224487338885,23.200133333333337
DB-13405,1711.692,438.9092,4,Consumer,Denny Blanton,Medium,25.64183275963199,109.7273
JP-16135,1707.71,309.7116,9,Home Office,Julie Prescott,Medium,18.136076968571945,34.4124
TZ-21580,1707.286,224.8887,4,Consumer,Tracy Zic,Medium,13.172292164288818,56.222175
BP-11155,1697.8609999999999,647.3847000000001,6,Consumer,Becky Pak,Medium,38.12942873415434,107.89745
DK-12985,1687.04,-107.35379999999998,5,Consumer,Darren Koutras,Medium,-6.363441293626707,-21.470759999999995
MO-17800,1687.0269999999998,169.34369999999998,8,Home Office,Meg O'Connel,Medium,10.037995835277089,21.167962499999998
RA-19945,1686.9225,-445.695,5,Consumer,Ryan Akin,Medium,-26.4205972710661,-89.139
KE-16420,1686.7312,397.87989999999996,8,Corporate,Katrina Edelman,Medium,23.588814862735685,49.734987499999995
CA-12055,1679.7240000000002,211.2559,5,Home Office,Cathy Armstrong,Medium,12.57682214459042,42.25118
CM-11815,1673.888,214.463,6,Corporate,Candace McMahon,Medium,12.812267009501232,35.743833333333335
JP-15460,1669.135,429.7465,7,Corporate,Jennifer Patt,Medium,25.746659197728167,61.39235714285714
CM-12115,1661.6100000000001,409.0679,4,Consumer,Chad McGuire,Medium,24.618767340109894,102.266975
CC-12475,1659.438,154.851,9,Consumer,Cindy Chapman,Medium,9.331532723729358,17.205666666666666
EB-13975,1643.255,162.8781,4,Corporate,Erica Bern,Medium,9.911918722292034,40.719525
AP-10720,1638.554,285.7888,8,Home Office,Anne Pryor,Medium,17.441524661378264,35.7236
AZ-10750,1622.0179999999998,154.9503,6,Consumer,Annie Zypern,Medium,9.552933444635018,25.82505
MS-17710,1613.402,247.4348,6,Consumer,Maurice Satty,Medium,15.336215028864473,41.239133333333335
TB-21250,1602.376,260.6155,7,Consumer,Tim Brockman,Medium,16.26431624038303,37.230785714285716
CR-12730,1600.55,306.9176,4,Consumer,Craig Reiter,Medium,19.175758333073006,76.7294
AH-10195,1587.452,-378.5509,4,Corporate,Alan Haines,Medium,-23.846447010681267,-94.637725
BF-11215,1585.162,523.2133,4,Home Office,Benjamin Farhat,Medium,33.00692926022703,130.803325
CK-12760,1582.109,-338.4311,9,Corporate,Cyma Kinney,Medium,-21.391136767441434,-37.603455555555556
MC-18130,1581.9979999999998,121.7565,5,Corporate,Mike Caudle,Medium,7.696375090233996,24.351300000000002
JL-15175,1571.523,209.2817,5,Home Office,James Lanier,Medium,13.317126125421009,41.85634
KB-16315,1569.464,49.71929999999999,9,Consumer,Karl Braun,Medium,3.167915925436964,5.5243666666666655
GB-14530,1568.44,7.837100000000003,11,Corporate,George Bell,Medium,0.49967483614291924,0.7124636363636366
ON-18715,1567.52,-5.88900000000001,9,Corporate,Odella Nelson,Medium,-0.3756889864244163,-0.6543333333333344
MV-17485,1560.05,189.0258,9,Consumer,Mark Van Huff,Medium,12.116650107368354,21.002866666666666
MB-17305,1548.702,212.425,10,Consumer,Maria Bertelson,Medium,13.716325025731226,21.2425
BD-11620,1538.11,206.75689999999997,6,Consumer,Brian DeCherney,Medium,13.442270058708413,34.45948333333333
CH-12070,1537.236,195.15109999999999,3,Home Office,Cathy Hwang,Medium,12.694934284651152,65.05036666666666
BD-11725,1526.5,333.9791,6,Consumer,Bruce Degenhardt,Medium,21.878748771699968,55.663183333333336
BV-11245,1523.2730000000001,315.2214,5,Corporate,Benjamin Venier,Medium,20.693690494087402,63.04428
KA-16525,1519.506,234.9194,7,Consumer,Kelly Andreada,Medium,15.460248264896617,33.559914285714285
AB-10600,1515.862,-274.9604,4,Corporate,Ann Blume,Medium,-18.138880716054626,-68.7401
JG-15805,1507.018,206.1019,6,Corporate,John Grady,Medium,13.676140563682715,34.350316666666664
DL-12865,1503.112,322.2449,8,Consumer,Dan Lawera,Medium,21.43851555971877,40.2806125
ZD-21925,1493.944,249.1307,5,Consumer,Zuschuss Donatelli,Medium,16.676040065758823,49.826139999999995
CM-12190,1475.144,91.2033,6,Consumer,Charlotte Melton,Medium,6.1826709799178925,15.20055
LE-16810,1469.45,161.76489999999998,6,Consumer,Laurel Elliston,Medium,11.008533805165197,26.960816666666663
TB-21055,1467.881,390.2113,5,Consumer,Ted Butterfield,Medium,26.583306139939133,78.04226
PN-18775,1467.152,192.0396,8,Home Office,Parhena Norris,Medium,13.089277729914828,24.00495
RK-19300,1460.192,269.688,3,Consumer,Ralph Kennedy,Medium,18.4693519756306,89.896
BN-11515,1459.344,340.7054,5,Consumer,Bradley Nguyen,Medium,23.346476224933944,68.14108
DL-13315,1458.258,288.8732,8,Consumer,Delfina Latchford,Medium,19.8094713006889,36.10915
PB-19150,1456.95,280.6606,8,Consumer,Philip Brown,Medium,19.263571158927896,35.082575
AG-10525,1455.038,-152.7613,4,Corporate,Andy Gerbode,Medium,-10.498784224192082,-38.190325
RM-19375,1453.474,392.1499,6,Consumer,Raymond Messe,Medium,26.980179900018854,65.35831666666667
PK-18910,1441.152,-798.705,2,Home Office,Paul Knutson,Medium,-55.4212879696243,-399.3525
TD-20995,1434.5480000000002,88.1897,9,Consumer,Tamara Dahlen,Medium,6.147560067700766,9.798855555555555
JW-16075,1428.731,154.06369999999998,4,Consumer,Julia West,Medium,10.78325451047118,38.515924999999996
MB-18085,1428.231,117.8057,7,Consumer,Mick Brown,Medium,8.248364585280672,16.829385714285714
TT-21220,1427.0439999999999,278.7371,8,Consumer,Thomas Thornton,Medium,19.53248112882294,34.8421375
CA-12310,1421.954,246.02179999999998,4,Corporate,Christine Abelman,Medium,17.30167079947734,61.505449999999996
RD-19720,1419.737,207.3304,10,Consumer,Roger Demir,Medium,14.60343711546575,20.73304
NL-18310,1418.0900000000001,343.6381,4,Home Office,Nancy Lomonaco,Medium,24.232460563151843,85.909525
JS-15595,1417.654,-175.54899999999998,4,Corporate,Jill Stevenson,Medium,-12.383063850558738,-43.887249999999995
PM-18940,1405.402,157.8768,3,Consumer,Paul MacIntyre,Medium,11.233568758262761,52.6256
GA-14725,1398.382,136.70790000000002,11,Consumer,Guy Armstrong,Medium,9.776148434404906,12.42799090909091
CR-12820,1397.8724,83.27029999999999,3,Home Office,Cyra Reiten,Medium,5.95693140518405,27.756766666666664
NG-18430,1395.9379999999999,217.0893,5,Consumer,Nathan Gelder,Medium,15.551500138258293,43.417860000000005
JE-15475,1388.682,276.2197,6,Consumer,Jeremy Ellison,Medium,19.890781330787032,46.03661666666667
TB-21595,1387.559,-136.4091,5,Consumer,Troy Blackwell,Medium,-9.830868453161271,-27.28182
FG-14260,1383.144,394.73969999999997,7,Home Office,Frank Gastineau,Medium,28.53930610261838,56.39138571428571
DM-13525,1376.792,199.7688,3,Corporate,Don Miller,Medium,14.50972986478713,66.5896
GH-14485,1361.2440000000001,-95.4498,2,Corporate,Gene Hale,Medium,-7.011953771697065,-47.7249
SB-20170,1348.02,157.6658,3,Consumer,Sarah Bern,Medium,11.696102431714662,52.55526666666666
LM-17065,1346.774,-44.87799999999999,5,Consumer,Liz MacKendrick,Medium,-3.3322591615222747,-8.975599999999998
MG-17695,1342.282,-398.79319999999996,3,Consumer,Maureen Gnade,Medium,-29.71009072609183,-132.93106666666665
SJ-20215,1341.036,-23.5137,6,Consumer,Sarah Jordon,Medium,-1.7533981190661545,-3.91895
BM-11785,1338.842,137.7439,10,Consumer,Bryan Mills,Medium,10.288286444554323,13.77439
BF-11005,1333.88,-291.38109999999995,4,Home Office,Barry Franz,Medium,-21.84462620325666,-72.84527499999999
SS-20140,1324.028,332.3487,8,Corporate,Saphhira Shifley,Medium,25.101334714975813,41.5435875
DM-12955,1322.034,108.7583,7,Corporate,Dario Medina,Medium,8.226588726159841,15.536900000000001
MT-18070,1319.4498,-23.676300000000005,4,Home Office,Michelle Tran,Medium,-1.7944070323857717,-5.919075000000001
SJ-20500,1318.776,68.09629999999999,5,Consumer,Shirley Jackson,Medium,5.1635986702821395,13.619259999999997
MM-17260,1314.023,178.402,4,Consumer,Magdelene Morse,Medium,13.57677909747394,44.6005
SP-20545,1306.086,-118.77570000000001,6,Corporate,Sibella Parks,Medium,-9.094018311198498,-19.79595
MC-17575,1303.893,210.7493,8,Consumer,Matt Collins,Medium,16.16308240016627,26.3436625
EK-13795,1303.478,97.10659999999999,4,Home Office,Eileen Kiefer,Medium,7.449807361535828,24.276649999999997
Co-12640,1300.076,205.62820000000002,5,Consumer,Corey-Lock,Medium,15.81662918167861,41.125640000000004
DO-13435,1300.0315,-38.90860000000001,9,Consumer,Denny Ordway,Medium,-2.9928967105797057,-4.3231777777777785
HR-14770,1299.288,185.5794,5,Home Office,Hallie Redmond,Medium,14.283161239078634,37.11588
GR-14560,1284.38,359.83320000000003,2,Corporate,Georgia Rosenberg,Medium,28.01610115386412,179.91660000000002
CS-11845,1278.954,185.3776,5,Corporate,Cari Sayre,Medium,14.494469699457527,37.07552
PS-18970,1278.639,198.5099,8,Home Office,Paul Stevenson,Medium,15.525093478299972,24.8137375
SV-20815,1271.0900000000001,199.6502,4,Corporate,Stuart Van,Medium,15.707007371625927,49.91255
DO-13645,1267.316,294.0676,7,Consumer,Doug O'Connell,Medium,23.2039680711046,42.009657142857144
CL-11890,1262.0140000000001,328.0847,4,Consumer,Carl Ludwig,Medium,25.996914455782576,82.021175
LW-17125,1259.04,192.6312,3,Consumer,Liz Willingham,Medium,15.299847502859324,64.2104
ME-18010,1256.944,107.3604,4,Corporate,Michelle Ellison,Medium,8.541382909660255,26.8401
GM-14500,1255.682,441.3185,10,Consumer,Gene McClure,Medium,35.14572160785931,44.13185
SC-20680,1254.64,370.1578,6,Home Office,Steve Carroll,Medium,29.503108461391314,61.69296666666667
MH-17620,1252.8,122.3612,4,Corporate,Matt Hagelstein,Medium,9.767017879948915,30.5903
ER-13855,1245.788,-295.7398,3,Corporate,Elpida Rittenbach,Medium,-23.73917552585191,-98.57993333333333
TC-21475,1244.976,119.104,9,Home Office,Tony Chapman,Medium,9.566770765058925,13.233777777777778
JW-15955,1244.086,-29.575899999999987,7,Consumer,Joni Wasserman,Medium,-2.3773195743702593,-4.225128571428569
MG-17875,1242.8329999999999,-470.7684,5,Home Office,Michael Grace,Medium,-37.878653045099384,-94.15368
NP-18685,1228.698,514.5017,6,Home Office,Nora Pelletier,Medium,41.873731380697286,85.75028333333334
PJ-18835,1220.09,442.1355,8,Corporate,Patrick Jones,Medium,36.23794146333467,55.2669375
EH-14005,1219.53,-94.14079999999997,7,Home Office,Erica Hernandez,Medium,-7.719432896279713,-13.44868571428571
JL-15130,1214.956,-207.79559999999998,6,Consumer,Jack Lebron,Medium,-17.10313789141335,-34.6326
CD-12280,1205.584,233.0274,2,Consumer,Christina DeMoss,Medium,19.329005693506215,116.5137
MD-17860,1204.91,-4.040300000000002,5,Corporate,Michael Dominguez,Medium,-0.33531965043032275,-0.8080600000000004
DW-13585,1204.854,-266.8966,7,Corporate,Dorothy Wardle,Medium,-22.1517793857181,-38.12808571428571
EB-14170,1186.326,282.1701,6,Consumer,Evan Bailliet,Medium,23.785207438764722,47.028349999999996
BP-11230,1181.49,-197.2695,5,Consumer,Benjamin Patterson,Medium,-16.69667115252774,-39.4539
DC-13285,1174.618,132.06820000000002,5,Consumer,Debra Catini,Medium,11.243502142824308,26.413640000000004
AT-10435,1171.814,100.87680000000002,6,Home Office,Alyssa Tate,Medium,8.608601706414158,16.812800000000003
JR-15670,1156.658,-785.1645,2,Consumer,Jim Radford,Medium,-67.8821656876968,-392.58225
DB-13660,1155.202,177.67350000000002,7,Consumer,Duane Benoit,Medium,15.38029712552437,25.381928571428574
CG-12520,1148.7800000000002,169.93439999999998,3,Consumer,Claire Gute,Medium,14.792597364160235,56.6448
KC-16675,1146.05,156.7797,4,Corporate,Kimberly Carter,Medium,13.680005235373674,39.194925
RD-19810,1137.616,318.4625,8,Home Office,Ross DeVincentis,Medium,27.993848539401693,39.8078125
CW-11905,1136.592,370.8298,6,Home Office,Carl Weiss,Medium,32.626465785435755,61.804966666666665
JS-15685,1131.0639999999999,-54.8692,4,Corporate,Jim Sink,Medium,-4.851113641668377,-13.7173
DV-13045,1119.483,-427.184,5,Corporate,Darrin Van Huff,Medium,-38.159043058268864,-85.4368
AB-10165,1113.838,220.813,8,Consumer,Alan Barnes,Medium,19.824516671185577,27.601625
TM-21490,1094.6779999999999,292.52099999999996,3,Consumer,Tony Molinari,Medium,26.722104582352067,97.50699999999999
JO-15550,1090.838,167.6709,5,Home Office,Jesus Ocampo,Medium,15.370834166026487,33.53418
SW-20245,1085.078,-19.60620000000001,7,Consumer,Scot Wooten,Medium,-1.806893145008931,-2.8008857142857155
JF-15490,1082.918,-18.06730000000001,11,Consumer,Jeremy Farry,Medium,-1.6683904044442897,-1.642481818181819
DB-13360,1081.466,291.0085,5,Home Office,Dennis Bolton,Medium,26.908705405440397,58.2017
DW-13195,1080.751,-86.87379999999999,6,Corporate,David Wiener,Medium,-8.03828078808162,-14.478966666666665
CS-12490,1077.2285,-302.8761,4,Corporate,Cindy Schnelling,Medium,-28.11623532054713,-75.719025
PC-19000,1061.488,-184.3364,2,Home Office,Pauline Chand,Medium,-17.365848695416243,-92.1682
DP-13165,1058.616,-40.93759999999999,2,Consumer,David Philippe,Medium,-3.867086837909118,-20.468799999999995
JC-15385,1058.108,502.92440000000005,1,Consumer,Jenna Caffey,Medium,47.53053563530378,502.92440000000005
PO-19195,1056.858,-49.70089999999999,5,Home Office,Phillina Ober,Medium,-4.702703674476608,-9.940179999999998
AA-10375,1056.39,277.3824,9,Consumer,Allen Armold,Medium,26.257575327293896,30.82026666666667
VS-21820,1055.981,-262.8093,4,Consumer,Vivek Sundaresam,Medium,-24.887692108096644,-65.702325
AR-10345,1055.694,-221.0544,4,Corporate,Alex Russell,Medium,-20.939249441599554,-55.2636
DP-13000,1050.636,241.4524,9,Consumer,Darren Powers,Medium,22.981546415694876,26.828044444444444
DH-13675,1043.096,116.667,4,Home Office,Duane Huffman,Medium,11.184684822873447,29.16675
SM-20905,1043.041,-237.2885,1,Consumer,Susan MacKendrick,Medium,-22.74968098090104,-237.2885
EM-14095,1041.0420000000001,240.2362,4,Corporate,Eudokia Martin,Medium,23.076513723749855,60.05905
TC-21145,1038.26,265.5332,1,Corporate,Theresa Coyne,Medium,25.57482711459558,265.5332
MK-18160,1031.602,227.83380000000002,4,Consumer,Mike Kennedy,Medium,22.085436049949497,56.958450000000006
TH-21235,1022.201,92.729,8,Corporate,Tiffany House,Medium,9.07150354969326,11.591125
SW-20350,1019.044,95.8383,3,Home Office,Sean Wendt,Medium,9.404726390617087,31.9461
LS-17200,1010.2560000000001,244.197,6,Corporate,Luke Schmidt,Medium,24.171794079916374,40.6995
RB-19330,1008.1959999999999,-164.40619999999998,2,Consumer,Randy Bradley,Medium,-16.306968089538145,-82.20309999999999
LS-17245,1008.1360000000001,348.3584,6,Consumer,Lynn Smith,Medium,34.554702936905336,58.059733333333334
BG-11740,1006.356,119.34790000000001,6,Consumer,Bruce Geld,Medium,11.859411579997536,19.89131666666667
VP-21730,993.9019999999999,205.3888,3,Home Office,Victor Preis,Low,20.66489452682458,68.46293333333334
KB-16600,983.922,293.55240000000003,7,Corporate,Ken Brennan,Low,29.834925939251285,41.936057142857145
BP-11050,983.42,209.78300000000002,5,Corporate,Barry Pond,Low,21.331984299688845,41.9566
TS-21340,974.7819999999999,-184.97889999999998,5,Consumer,Toby Swindell,Low,-18.976437808658755,-36.995779999999996
RD-19930,970.9420000000001,35.05740000000001,4,Consumer,Russell D'Ascenzo,Low,3.6106585151327275,8.764350000000002
AB-10150,966.71,313.6597,5,Consumer,Aimee Bixby,Low,32.44610069203794,62.731939999999994
RC-19825,966.409,63.991400000000006,6,Consumer,Roy Collins,Low,6.62156498956446,10.665233333333335
SS-20875,964.636,-75.586,5,Consumer,Sung Shariari,Low,-7.835701756932148,-15.1172
JH-15910,959.477,-13.554499999999996,7,Consumer,Jonathan Howell,Low,-1.412696708727775,-1.9363571428571422
JF-15295,955.124,97.28899999999999,5,Consumer,Jason Fortune-,Low,10.186007261884319,19.4578
RP-19270,954.6452,59.538399999999996,4,Corporate,Rachel Payne,Low,6.236704484556147,14.884599999999999
BS-11800,949.4300000000001,194.0516,2,Home Office,Bryan Spruell,Low,20.438747459001718,97.0258
RF-19840,945.222,280.0261,8,Consumer,Roy Französisch,Low,29.625431909117644,35.0032625
EB-13930,944.6000000000001,0.6042000000000058,5,Consumer,Eric Barreto,Low,0.06396358246877046,0.12084000000000117
MF-17665,937.039,-341.52650000000006,5,Corporate,Maureen Fritzler,Low,-36.44741574256782,-68.30530000000002
EM-13960,933.704,102.29599999999999,5,Consumer,Eric Murdock,Low,10.955934643098884,20.4592
AC-10420,925.8,-62.1342,3,Corporate,Alyssa Crouse,Low,-6.711406351263773,-20.7114
EH-14185,923.884,242.1107,6,Consumer,Evan Henry,Low,26.205746608881636,40.35178333333334
MO-17500,922.487,59.357699999999994,4,Consumer,Mary O'Rourke,Low,6.434529700689548,14.839424999999999
AB-10255,914.5319999999999,264.5675,9,Home Office,Alejandro Ballentine,Low,28.92927748837657,29.39638888888889
KB-16405,908.821,274.297,3,Home Office,Katrina Bavinger,Low,30.181630926222,91.43233333333335
CG-12040,904.4680000000001,86.5106,6,Home Office,Catherine Glotzbach,Low,9.564804946111966,14.418433333333333
SC-20575,902.7280000000001,100.2253,5,Consumer,Sonia Cooley,Low,11.102491558919187,20.04506
JB-15925,900.552,-286.9808,3,Consumer,Joni Blumstein,Low,-31.867210333217848,-95.66026666666666
HZ-14950,886.52,-130.3879,5,Consumer,Henia Zydlo,Low,-14.707835130623112,-26.07758
AB-10015,886.156,129.3465,3,Consumer,Aaron Bergman,Low,14.596357751908243,43.1155
RC-19960,885.752,10.563300000000002,6,Consumer,Ryan Crowe,Low,1.1925798643412606,1.7605500000000003
CS-12130,884.64,143.8339,4,Consumer,Chad Sievert,Low,16.25903192258998,35.958475
HE-14800,883.5319999999999,274.4028,4,Corporate,Harold Engle,Low,31.057482920822338,68.6007
SK-19990,883.409,168.7933,3,Consumer,Sally Knutson,Low,19.107038755548107,56.26443333333333
RE-19450,876.696,209.2294,5,Consumer,Richard Eichhorn,Low,23.865672935658424,41.84588
JM-15655,864.947,117.20400000000001,5,Corporate,Jim Mitchum,Low,13.550425633015664,23.440800000000003
JR-15700,863.88,107.985,1,Consumer,Jocasta Rupert,Low,12.5,107.985
AF-10885,861.565,-163.1175,4,Consumer,Art Foster,Low,-18.93269805528312,-40.779375
JC-16105,858.576,201.5952,5,Corporate,Julie Creighton,Low,23.480181137138704,40.31904
MS-17980,855.116,55.226,6,Corporate,Michael Stewart,Low,6.458305072060398,9.204333333333333
VF-21715,847.944,-96.27799999999999,5,Home Office,Vicky Freymann,Low,-11.354287547290859,-19.255599999999998
VG-21790,846.01,143.6268,6,Consumer,Vivek Gonzalez,Low,16.976962447252397,23.9378
CS-12175,844.4580000000001,113.1405,5,Corporate,Charles Sheldon,Low,13.398002032072643,22.6281
TB-21355,834.328,268.967,5,Corporate,Todd Boyes,Low,32.2375612468957,53.7934
AS-10630,833.398,136.49190000000002,7,Home Office,Ann Steele,Low,16.377757086050124,19.498842857142858
EH-13990,825.9499999999999,150.3759,6,Consumer,Erica Hackney,Low,18.20641685332042,25.06265
TB-21190,816.1740000000001,179.0038,4,Home Office,Thomas Brumley,Low,21.932063506066108,44.75095
AM-10360,814.012,194.9878,5,Corporate,Alice McCarthy,Low,23.95392205520312,38.99756
BM-11575,808.162,95.58160000000001,6,Corporate,Brendan Murry,Low,11.827034678690659,15.930266666666668
DK-13150,797.832,249.9447,2,Corporate,David Kendrick,Low,31.327986342989504,124.97235
MC-17635,795.154,-247.94350000000003,4,Corporate,Matthew Clasen,Low,-31.181821383027692,-61.98587500000001
BF-11275,791.9899999999999,25.870199999999997,3,Corporate,Beth Fritzler,Low,3.2664806373817847,8.623399999999998
HG-14845,785.628,147.0032,5,Consumer,Harry Greene,Low,18.711553050553185,29.40064
MG-17890,776.384,171.7372,9,Home Office,Michael Granlund,Low,22.120136427334927,19.08191111111111
MM-18280,775.414,58.8916,9,Corporate,Muhammed MacIntyre,Low,7.594859004351223,6.543511111111111
SF-20065,763.5459999999999,228.1623,7,Consumer,Sandra Flanagan,Low,29.881932457245536,32.594614285714286
SW-20755,758.6959999999999,68.2416,2,Corporate,Steven Ward,Low,8.99459071881228,34.1208
LP-17080,756.606,110.7813,4,Consumer,Liz Pelletier,Low,14.641874370544247,27.695325
Dl-13600,755.602,175.2388,5,Corporate,Dorris liebe,Low,23.19194496573593,35.04776
IG-15085,744.574,320.4982,4,Consumer,Ivan Gibson,Low,43.04450598597319,80.12455
BB-10990,744.3399999999999,11.583900000000007,5,Corporate,Barry Blumstein,Low,1.5562646102587538,2.3167800000000014
TC-21535,742.5580000000001,217.933,7,Home Office,Tracy Collins,Low,29.34895321308234,31.133285714285712
ML-18040,742.082,138.71620000000001,3,Corporate,Michelle Lonsdale,Low,18.692839874838633,46.238733333333336
RH-19555,740.382,0.30570000000000164,2,Consumer,Ritsa Hightower,Low,0.041289496503156706,0.15285000000000082
PB-18805,740.356,229.2257,3,Home Office,Patrick Bzostek,Low,30.961550929552807,76.40856666666666
AH-10585,738.504,83.96300000000001,4,Consumer,Angele Hood,Low,11.369335846522159,20.990750000000002
HM-14980,736.276,117.2755,4,Consumer,Henry MacAllister,Low,15.928198121356665,29.318875
PH-18790,729.648,47.8878,1,Home Office,Patricia Hirasaki,Low,6.563137293599105,47.8878
PA-19060,729.408,225.8588,6,Home Office,Pete Armstrong,Low,30.96467272089146,37.64313333333333
JJ-15445,709.178,200.5558,5,Consumer,Jennifer Jackson,Low,28.280036887777115,40.11116
JD-16060,695.442,111.11410000000001,3,Consumer,Julia Dunbar,Low,15.977479070864288,37.03803333333334
PB-19105,688.324,218.15970000000002,4,Consumer,Peter Bühler,Low,31.694332901366224,54.539925000000004
EH-13945,684.1709999999999,53.53980000000001,8,Consumer,Eric Hoffmann,Low,7.825499765409527,6.692475000000001
TR-21325,675.9419999999999,220.36440000000002,5,Consumer,Toby Ritter,Low,32.60108115785083,44.072880000000005
AG-10330,660.972,-5.137100000000006,5,Consumer,Alex Grayson,Low,-0.7772038755045609,-1.0274200000000013
BK-11260,659.1379999999999,-63.764399999999995,6,Consumer,Berenike Kampe,Low,-9.673907436682455,-10.6274
BD-11770,658.466,141.265,6,Consumer,Bryan Davis,Low,21.45365136544635,23.544166666666666
AC-10660,657.316,-28.700399999999995,5,Consumer,Anna Chung,Low,-4.366301748321963,-5.740079999999999
AW-10840,649.376,65.77250000000001,4,Consumer,Anthony Witt,Low,10.128569580643573,16.443125000000002
LO-17170,644.35,150.1712,5,Corporate,Lori Olson,Low,23.30584309769535,30.03424
JB-16000,644.1188,126.76490000000001,7,Consumer,Joy Bell-,Low,19.680360206843833,18.10927142857143
CD-11980,639.766,-206.7172,3,Consumer,Carol Darley,Low,-32.311376346976864,-68.90573333333333
MR-17545,639.178,162.9363,4,Home Office,Mathew Reese,Low,25.491537568564627,40.734075
AJ-10960,629.2479999999999,60.4265,3,Consumer,Astrea Jones,Low,9.602970529902361,20.142166666666665
RR-19315,615.932,-73.835,2,Consumer,Ralph Ritter,Low,-11.987524596871083,-36.9175
SS-20515,613.4,199.93449999999999,3,Home Office,Shirley Schmidt,Low,32.594473426801436,66.64483333333332
BT-11440,603.876,-77.5256,4,Consumer,Bobby Trafton,Low,-12.837999854274717,-19.3814
BF-10975,599.798,227.4384,7,Corporate,Barbara Fisher,Low,37.91916611926015,32.4912
MZ-17335,593.606,85.01910000000001,4,Home Office,Maria Zettner,Low,14.322479894071153,21.254775000000002
DL-13330,585.02,222.6812,4,Consumer,Denise Leinenbach,Low,38.06386106457899,55.6703
AS-10240,584.6080000000001,33.715799999999994,7,Consumer,Alan Shonely,Low,5.767249165252612,4.816542857142856
BD-11635,582.646,141.53400000000002,3,Consumer,Brian Derr,Low,24.291593866601684,47.178000000000004
NK-18490,572.048,121.2177,7,Home Office,Neil Knudson,Low,21.190127401896344,17.316814285714283
CM-11935,565.392,-43.732400000000005,2,Consumer,Carlos Meador,Low,-7.734881285904294,-21.866200000000003
CS-12460,550.644,156.2593,2,Consumer,Chuck Sachs,Low,28.377554281895378,78.12965
CS-11860,537.632,105.8275,6,Consumer,Cari Schnelling,Low,19.684003184334266,17.637916666666666
JH-15820,528.91,26.082199999999997,6,Consumer,John Huston,Low,4.931311565294663,4.347033333333333
RB-19570,528.546,76.8879,5,Consumer,Rob Beeghly,Low,14.547059290960481,15.37758
AY-10555,497.014,103.3499,4,Corporate,Andy Yotov,Low,20.79416273988258,25.837475
CR-12625,475.9,144.7594,3,Home Office,Corey Roper,Low,30.41802899768859,48.25313333333333
MS-17530,475.65599999999995,84.0268,4,Consumer,MaryBeth Skach,Low,17.665455707486082,21.0067
JS-15940,469.169,-327.9336,5,Home Office,Joni Sundaresam,Low,-69.89668967898561,-65.58672
EC-14050,461.914,96.4256,5,Consumer,Erin Creighton,Low,20.875227856267617,19.28512
KM-16660,453.538,91.1391,5,Consumer,Khloe Miller,Low,20.095140870224764,18.22782
KW-16570,449.096,107.92699999999999,4,Consumer,Kelly Williams,Low,24.032055507063077,26.981749999999998
TT-21265,439.5,93.9162,3,Corporate,Tim Taslimi,Low,21.36887372013652,31.305400000000002
ST-20530,433.34000000000003,84.4419,7,Consumer,Shui Tom,Low,19.486292518576636,12.063128571428573
VG-21805,427.372,-52.333,5,Corporate,Vivek Grady,Low,-12.245303857061295,-10.4666
SS-20590,418.49,135.5401,6,Consumer,Sonia Sunley,Low,32.38789457334703,22.590016666666667
BT-11485,415.19599999999997,126.8694,2,Home Office,Brad Thomas,Low,30.556508251524583,63.4347
MH-17440,400.016,61.428599999999996,4,Corporate,Mark Haberlin,Low,15.356535738570457,15.357149999999999
BW-11065,385.516,-58.28659999999999,3,Consumer,Barry Weirich,Low,-15.119113084800627,-19.428866666666664
JD-16015,385.43,26.7605,6,Consumer,Joy Daniels,Low,6.943024673741016,4.460083333333333
JK-15325,383.812,55.32769999999999,3,Corporate,Jason Klamczynski,Low,14.415312705178573,18.442566666666664
VM-21835,380.69,116.6373,5,Consumer,Vivian Mathis,Low,30.638393443484198,23.32746
NF-18475,377.16200000000003,85.92779999999999,4,Home Office,Neil Französisch,Low,22.78272996749407,21.481949999999998
MS-17830,370.348,19.431199999999997,4,Consumer,Melanie Seite,Low,5.246740903150549,4.857799999999999
LS-17230,368.88000000000005,39.1952,3,Consumer,Lycoris Saunders,Low,10.625460854478419,13.065066666666667
AG-10300,367.548,59.288399999999996,4,Corporate,Aleksandra Gannaway,Low,16.13079108034869,14.822099999999999
EM-14200,366.822,21.7721,3,Home Office,Evan Minnotte,Low,5.935331032489872,7.257366666666666
HJ-14875,358.1,98.6548,5,Home Office,Heather Jas,Low,27.54951130969003,19.73096
DW-13540,344.08,69.6672,5,Consumer,Don Weiss,Low,20.24738432922576,13.93344
LT-16765,329.876,59.036,3,Consumer,Larry Tron,Low,17.896421685724334,19.67866666666667
BD-11560,320.54,116.714,2,Home Office,Brendan Dodson,Low,36.411680289511445,58.357
LH-17020,318.239,-242.73989999999998,4,Consumer,Lisa Hazard,Low,-76.2759749747831,-60.684974999999994
JH-15430,309.281,-24.077100000000005,4,Consumer,Jennifer Halladay,Low,-7.784862309679548,-6.019275000000001
JM-15580,303.948,113.1204,5,Consumer,Jill Matthias,Low,37.21702396462553,22.62408
CM-12445,287.99,64.4296,3,Consumer,Chuck Magee,Low,22.37216570019792,21.476533333333332
LH-16750,287.426,12.627699999999999,3,Consumer,Larry Hughes,Low,4.393374294601045,4.209233333333333
SC-20845,280.632,31.1757,2,Consumer,Sung Chung,Low,11.109103737278714,15.58785
SC-20800,279.25600000000003,51.8252,4,Consumer,Stuart Calhoun,Low,18.558312086401006,12.9563
NB-18580,273.87199999999996,24.788800000000002,2,Corporate,Nicole Brennan,Low,9.05123561371736,12.394400000000001
BF-11080,272.95,110.9272,3,Consumer,Bart Folk,Low,40.6401172375893,36.97573333333333
DD-13570,269.542,36.4344,6,Consumer,Dorothy Dickinson,Low,13.517151315935921,6.072399999999999
BN-11470,265.296,36.6131,4,Corporate,Brad Norvell,Low,13.800848863156626,9.153275
AR-10510,264.86400000000003,43.6695,5,Consumer,Andrew Roberts,Low,16.487518122508153,8.7339
HD-14785,251.36,-135.87599999999998,3,Home Office,Harold Dahlen,Low,-54.0563335455124,-45.291999999999994
SM-20005,244.49399999999997,-26.5927,4,Consumer,Sally Matthias,Low,-10.876626829288245,-6.648175
PL-18925,239.481,-0.7527000000000026,5,Home Office,Paul Lucas,Low,-0.31430468387888916,-0.1505400000000005
GP-14740,236.53,31.837600000000002,2,Corporate,Guy Phonely,Low,13.460279879930665,15.918800000000001
EM-14065,228.99,40.15459999999999,4,Consumer,Erin Mull,Low,17.535525568802125,10.038649999999997
GT-14755,226.436,-6.139200000000002,4,Consumer,Guy Thornton,Low,-2.711229663127772,-1.5348000000000006
RB-19645,221.084,72.679,5,Corporate,Robert Barroso,Low,32.87393027084728,14.5358
HH-15010,218.668,86.7342,2,Corporate,Hilary Holden,Low,39.66478862933763,43.3671
AG-10390,200.945,69.2784,5,Consumer,Allen Goldenen,Low,34.47629948493369,13.855680000000001
JJ-15760,195.0,34.449200000000005,2,Home Office,Joel Jenkins,Low,17.666256410256413,17.224600000000002
AG-10765,170.584,-8.431000000000001,4,Home Office,Anthony Garverick,Low,-4.942433053510294,-2.1077500000000002
ML-18265,162.232,42.6648,2,Consumer,Muhammed Lee,Low,26.29863405493367,21.3324
AO-10810,161.28,12.096,1,Corporate,Anthony O'Donnell,Low,7.5,12.096
PT-19090,160.572,-20.0508,4,Consumer,Pete Takahito,Low,-12.487108586802181,-5.0127
DA-13450,156.76,56.7904,4,Home Office,Dianna Arnett,Low,36.22760908394999,14.1976
MO-17950,154.288,-82.0074,2,Consumer,Michael Oakman,Low,-53.1521570050814,-41.0037
GH-14665,146.94080000000002,-5.810200000000001,2,Consumer,Greg Hansen,Low,-3.954109410048128,-2.9051000000000005
PB-19210,132.738,21.897000000000002,2,Corporate,Phillip Breyer,Low,16.496406454820775,10.948500000000001
BO-11425,130.83,59.4522,2,Consumer,Bobby Odegard,Low,45.442329740885114,29.7261
EL-13735,124.28,27.1154,2,Home Office,Ed Ludwig,Low,21.817991631799163,13.5577
CC-12550,113.832,33.870599999999996,3,Consumer,Clay Cheatham,Low,29.754901960784313,11.290199999999999
RM-19750,98.35,28.6879,1,Consumer,Roland Murray,Low,29.169191662430098,28.6879
KS-16300,88.472,0.11099999999999888,3,Corporate,Karen Seio,Low,0.12546342345600742,0.03699999999999962
AR-10570,88.15,32.633,1,Consumer,Anemone Ratner,Low,37.01985252410664,32.633
FW-14395,79.75,23.491300000000003,3,Corporate,Fred Wasserman,Low,29.456175548589346,7.8304333333333345
JC-15340,71.263,-0.35560000000000036,4,Consumer,Jasper Cacioppo,Low,-0.498996674291007,-0.08890000000000009
AS-10135,58.82,21.8496,2,Home Office,Adrian Shami,Low,37.146548792927575,10.9248
LB-16735,50.188,18.6507,3,Consumer,Larry Blacks,Low,37.16167211285566,6.2169
RE-19405,48.36,6.045,1,Consumer,Ricardo Emerson,Low,12.5,6.045
SG-20890,47.946,-3.7073,3,Corporate,Susan Gilcrest,Low,-7.73224043715847,-1.2357666666666667
RS-19870,22.328,9.5838,2,Home Office,Roy Skaria,Low,42.92278753135077,4.7919
MG-18205,16.739,-1.2453,1,Corporate,Mitch Gastineau,Low,-7.439512515681941,-1.2453
CJ-11875,16.52,1.652,1,Corporate,Carl Jackson,Low,10.0,1.652
LD-16855,5.304,0.4641,1,Corporate,Lela Donovan,Low,8.75,0.4641
TS-21085,4.833,-3.3156,2,Consumer,Thais Sissman,Low,-68.60335195530726,-1.6578
